<?xml version="1.0" encoding="utf-8"?>
<addons>
<addon id="plugin.video.einthusan"
       name="Einthusan"
    version="1.5.2"
       provider-name="PrashEinthusan">
    <requires>
        <import addon="xbmc.python" version="3.0.0"/>
        <import addon="script.module.requests" version="2.27.1" />
        <import addon="script.module.kodi-six" />
    </requires>
    <extension point="xbmc.python.pluginsource"
               library="default.py">
        <provides>video</provides>
    </extension>
    <extension point="xbmc.addon.metadata">
        <platform>all</platform>
        <summary>Einthusan Video Addon - Version 3.x</summary>
        <description>Einthusan Video Addon for Kodi 21.x - Supports XBMC Python 3.x</description>
        <assets>
            <icon>icon.png</icon>
            <fanart>fanart.jpg</fanart>
        </assets>
    </extension>
</addon>
<addon id="plugin.video.einthusan"
       name="Einthusan"
    version="1.5.2"
       provider-name="PrashEinthusan">
    <requires>
        <import addon="xbmc.python" version="3.0.0"/>
        <import addon="script.module.requests" version="2.27.1" />
        <import addon="script.module.kodi-six" />
    </requires>
    <extension point="xbmc.python.pluginsource"
               library="default.py">
        <provides>video</provides>
    </extension>
    <extension point="xbmc.addon.metadata">
        <platform>all</platform>
        <summary>Einthusan Video Addon - Version 3.x</summary>
        <description>Einthusan Video Addon for Kodi 21.x - Supports XBMC Python 3.x</description>
        <assets>
            <icon>icon.png</icon>
            <fanart>fanart.jpg</fanart>
        </assets>
    </extension>
</addon>
</addons>
